train_loss,val_loss,train_accuracy,val_accuracy
0.6906536782489103,0.5794043838977814,0.8384615384615385,0.9583333333333334
0.368956975200597,0.1575692668557167,0.9740384615384615,0.9791666666666666
0.10079233370283071,0.06963517423719168,0.9865384615384616,0.9916666666666667
0.06825189204776988,0.05604804866015911,0.9913461538461539,0.9916666666666667
0.05766770649043953,0.06393113918602467,0.9903846153846154,0.9875
0.0490714115474154,0.04363840213045478,0.9923076923076923,0.9958333333333333
0.038952340974527246,0.036503319162875414,0.9971153846153846,0.9958333333333333
0.03610848843613092,0.03388700494542718,0.9961538461538462,0.9958333333333333
